Company,Municipality,Estimated Price,Package,Dishes,Date,Rating
Lucban Culinary Events,Lucban,45120,Premium,"Adobo, Caldereta, Sinigang, Puto, Lechon",2022-03-15,4.7
Lopez Catering Corner,Lopez,39850,Buffet,"Halo-Halo, Menudo, Lumpiang Shanghai, Laing, Pinakbet, Kare-Kare",2023-07-22,4.5
Gumaca Feast Caterers,Gumaca,52030,Standard,"Seafood Paella, Bicol Express, Inihaw na Baboy, Cassava Cake, Pancit",2024-11-10,4.2
Sariaya Food Masters,Sariaya,47890,Budget,"Fruit Salad, Buttered Shrimp, Dinuguan, Embutido, Ukoy, Bibingka",2025-01-19,4.9
Pagbilao Catering Services,Pagbilao,43500,Plated,"Palabok, Crispy Pata, Longganisa, Tokwa't Baboy, Sapin-Sapin",2023-09-03,4.6
Real Banquet Services,Real,55200,Premium,"Tinola, Bulalo, Pochero, Arroz Caldo, Turon, Maja Blanca",2022-06-11,4.4
Tayabas Catering House,Tayabas,40980,Budget,"Camaron Rebosado, Dinuguan, Pancit, Tortang Talong, Nilaga",2025-07-08,4.8
Lucban Culinary Events,Lucban,58950,Buffet,"Ukoy, Banana Cue, Laing, Pichi-Pichi, Adobo, Caldereta",2023-12-19,4.6
Lopez Banquet House,Lopez,37200,Plated,"Chicharon, Menudo, Inihaw na Baboy, Puto, Sapin-Sapin",2024-08-22,4.3
Gumaca Feast Caterers,Gumaca,56400,Standard,"Kare-Kare, Ginataang Hipon, Halo-Halo, Palabok, Fruit Salad, Lechon",2025-04-29,4.9
Sariaya Food Masters,Sariaya,44320,Premium,"Tokwa't Baboy, Embutido, Ukoy, Sinigang, Crispy Pata, Pichi-Pichi",2022-11-07,4.5
Pagbilao Catering Services,Pagbilao,50850,Buffet,"Pancit, Sapin-Sapin, Laing, Kare-Kare, Roast Beef",2023-02-15,4.7
Real Banquet Services,Real,47560,Standard,"Arroz Caldo, Pinakbet, Halo-Halo, Palabok, Lechon, Ukoy",2024-06-23,4.8
Lucena Catering Hub,Lucena,58840,Premium,"Menudo, Buttered Shrimp, Puto, Banana Cue, Adobo, Dinuguan",2025-03-02,4.6
Tayabas Banquet Hall,Tayabas,41290,Plated,"Champorado, Tortang Talong, Cassava Cake, Tinola, Inihaw na Baboy",2022-09-18,4.4
Lucban Culinary Events,Lucban,49980,Standard,"Palabok, Lechon, Puto, Pancit, Kare-Kare",2023-05-07,4.9
Lopez Catering Corner,Lopez,47820,Budget,"Ukoy, Bibingka, Fruit Salad, Crispy Pata, Halo-Halo, Nilaga",2025-11-16,4.7
Gumaca Feast Caterers,Gumaca,54630,Premium,"Bicol Express, Caldereta, Sapin-Sapin, Maja Blanca, Pinakbet, Laing",2024-01-21,4.5
Sariaya Food Masters,Sariaya,46210,Buffet,"Seafood Paella, Adobo, Tortang Talong, Tokwa't Baboy, Menudo",2023-10-05,4.6
Pagbilao Catering Services,Pagbilao,59220,Standard,"Pichi-Pichi, Ukoy, Ginataang Hipon, Fruit Salad, Bulalo, Puto",2022-07-29,4.8
Real Banquet Services,Real,47400,Premium,"Ukoy, Adobo, Nilaga, Kare-Kare, Embutido, Palabok",2025-08-12,4.7
Tayabas Catering House,Tayabas,42900,Buffet,"Halo-Halo, Tinola, Bulalo, Tortang Talong, Ukoy",2023-03-21,4.5
Lucena Catering Hub,Lucena,56800,Plated,"Pinakbet, Chicharon, Dinuguan, Menudo, Puto, Crispy Pata",2024-12-01,4.8
Lopez Banquet House,Lopez,51200,Standard,"Laing, Caldereta, Lumpiang Shanghai, Lechon, Sapin-Sapin",2022-02-09,4.6
Gumaca Feast Caterers,Gumaca,55500,Budget,"Ukoy, Ukoy, Fruit Salad, Buttered Shrimp, Halo-Halo, Pancit",2025-04-05,4.9
Sariaya Food Masters,Sariaya,49800,Premium,"Bibingka, Adobo, Caldereta, Cassava Cake, Tortang Talong",2023-06-18,4.4
Pagbilao Catering Services,Pagbilao,46800,Buffet,"Pancit, Inihaw na Baboy, Sinigang, Embutido, Puto, Sapin-Sapin",2022-12-20,4.7
Real Banquet Services,Real,58900,Standard,"Ukoy, Kare-Kare, Menudo, Palabok, Laing, Dinuguan",2024-09-13,4.6
Lucban Culinary Events,Lucban,53700,Plated,"Tinola, Fruit Salad, Ukoy, Lechon, Pinakbet, Crispy Pata",2025-10-29,4.9
Lopez Catering Corner,Lopez,49600,Premium,"Bicol Express, Tokwa't Baboy, Laing, Sapin-Sapin, Ukoy, Nilaga",2022-04-17,4.8
Gumaca Feast Caterers,Gumaca,57900,Buffet,"Cassava Cake, Palabok, Crispy Pata, Dinuguan, Pancit",2023-08-11,4.7
Sariaya Food Masters,Sariaya,46100,Standard,"Halo-Halo, Kare-Kare, Bibingka, Ukoy, Buttered Shrimp, Chicharon",2024-05-16,4.9
Pagbilao Catering Services,Pagbilao,54200,Plated,"Champorado, Fruit Salad, Puto, Banana Cue, Tortang Talong",2025-09-25,4.6
Real Banquet Services,Real,52800,Budget,"Seafood Paella, Caldereta, Sinigang, Cassava Cake, Ukoy, Dinuguan",2022-08-03,4.5
Lucena Catering Hub,Lucena,47200,Premium,"Menudo, Roast Beef, Palabok, Ukoy, Nilaga, Bibingka",2023-11-14,4.8
Tayabas Banquet Hall,Tayabas,43700,Buffet,"Adobo, Pinakbet, Halo-Halo, Lumpiang Shanghai, Sapin-Sapin",2024-02-27,4.6
Lucban Culinary Events,Lucban,59500,Standard,"Inihaw na Baboy, Dinuguan, Tokwa't Baboy, Puto, Champorado, Nilaga",2022-10-10,4.9
Lopez Catering Corner,Lopez,44900,Premium,"Laing, Lechon, Pancit, Ukoy, Halo-Halo, Kare-Kare",2025-12-30,4.7
Gumaca Feast Caterers,Gumaca,56400,Buffet,"Menudo, Embutido, Crispy Pata, Sapin-Sapin, Fruit Salad",2023-01-12,4.5
Sariaya Food Masters,Sariaya,48100,Plated,"Adobo, Caldereta, Laing, Nilaga, Chicharon, Pichi-Pichi",2024-07-06,4.8
Pagbilao Catering Services,Pagbilao,50900,Standard,"Tokwa't Baboy, Ukoy, Banana Cue, Halo-Halo, Pancit",2022-05-28,4.6
Real Banquet Services,Real,58200,Premium,"Ukoy, Fruit Salad, Sinigang, Kare-Kare, Palabok, Lechon",2023-09-19,4.9
Lucena Catering Hub,Lucena,52500,Budget,"Bulalo, Ukoy, Adobo, Tortang Talong, Ukoy, Sapin-Sapin",2024-03-23,4.4
Tayabas Catering House,Tayabas,47800,Standard,"Halo-Halo, Pinakbet, Crispy Pata, Ukoy, Menudo, Champorado",2025-06-15,4.7
Lopez Banquet House,Lopez,49200,Buffet,"Sinigang, Bicol Express, Cassava Cake, Ukoy, Roast Beef, Bibingka",2022-01-25,4.6
Gumaca Feast Caterers,Gumaca,56600,Premium,"Puto, Ukoy, Banana Cue, Kare-Kare, Tortang Talong, Dinuguan",2023-10-28,4.8
Sariaya Food Masters,Sariaya,53100,Standard,"Ukoy, Fruit Salad, Adobo, Menudo, Sapin-Sapin, Inihaw na Baboy",2024-11-09,4.5
Pagbilao Catering Services,Pagbilao,44800,Plated,"Ukoy, Ukoy, Pancit, Buttered Shrimp, Caldereta, Bibingka",2025-08-04,4.9
Real Banquet Services,Real,57300,Buffet,"Champorado, Tokwa't Baboy, Nilaga, Halo-Halo, Cassava Cake",2022-07-17,4.7
Lucban Culinary Events,Lucban,49400,Standard,"Kare-Kare, Lechon, Sapin-Sapin, Tortang Talong, Ukoy, Fruit Salad",2023-02-10,4.6
,,,,,,
Lopez Catering Corner,Lopez,52900,Premium,"Ukoy, Sinigang, Lechon, Laing, Bibingka, Halo-Halo",2024-04-20,4.6
Gumaca Feast Caterers,Gumaca,47200,Buffet,"Puto, Kare-Kare, Menudo, Ukoy, Champorado, Dinuguan",2025-01-11,4.9
Sariaya Food Masters,Sariaya,55500,Standard,"Ukoy, Banana Cue, Tortang Talong, Sapin-Sapin, Caldereta, Fruit Salad",2022-12-15,4.5
Pagbilao Catering Services,Pagbilao,51800,Plated,"Halo-Halo, Crispy Pata, Pancit, Nilaga, Tokwa't Baboy, Ukoy",2023-03-27,4.7
Real Banquet Services,Real,43700,Budget,"Palabok, Ukoy, Kare-Kare, Pichi-Pichi, Adobo, Caldereta",2024-06-19,4.8
Lucena Catering Hub,Lucena,56100,Premium,"Ukoy, Tortang Talong, Tinola, Bibingka, Fruit Salad, Menudo",2025-09-23,4.6
Tayabas Banquet Hall,Tayabas,53400,Standard,"Ukoy, Champorado, Laing, Ukoy, Inihaw na Baboy, Embutido",2022-02-18,4.4
Lucban Culinary Events,Lucban,48200,Plated,"Ukoy, Ukoy, Kare-Kare, Nilaga, Sapin-Sapin, Chicharon",2023-05-09,4.9
Lopez Banquet House,Lopez,46900,Buffet,"Ukoy, Adobo, Ukoy, Lechon, Fruit Salad, Palabok",2024-10-03,4.7
Gumaca Feast Caterers,Gumaca,59500,Premium,"Ukoy, Cassava Cake, Menudo, Pancit, Halo-Halo, Puto",2025-07-14,4.6
Sariaya Food Masters,Sariaya,53800,Standard,"Ukoy, Tortang Talong, Ukoy, Dinuguan, Kare-Kare, Bulalo",2022-09-29,4.9
Pagbilao Catering Services,Pagbilao,49900,Plated,"Ukoy, Halo-Halo, Ukoy, Embutido, Chicharon, Pancit",2023-12-11,4.8
Real Banquet Services,Real,57700,Budget,"Ukoy, Caldereta, Sapin-Sapin, Pinakbet, Ukoy, Adobo",2024-08-05,4.5
Lucena Catering Hub,Lucena,44600,Premium,"Ukoy, Crispy Pata, Halo-Halo, Dinuguan, Ukoy, Nilaga",2025-11-18,4.7
Tayabas Catering House,Tayabas,59200,Standard,"Ukoy, Palabok, Ukoy, Menudo, Tinola, Lumpiang Shanghai",2022-06-07,4.6
Lopez Catering Corner,Lopez,51300,Buffet,"Ukoy, Ukoy, Ukoy, Caldereta, Halo-Halo, Puto",2023-02-26,4.8
Gumaca Feast Caterers,Gumaca,48700,Premium,"Ukoy, Pichi-Pichi, Ukoy, Tokwa't Baboy, Ukoy, Kare-Kare",2024-05-30,4.9
Sariaya Food Masters,Sariaya,56800,Standard,"Ukoy, Crispy Pata, Fruit Salad, Ukoy, Champorado, Palabok",2025-01-05,4.6
Pagbilao Catering Services,Pagbilao,49000,Plated,"Ukoy, Nilaga, Ukoy, Adobo, Tortang Talong, Sapin-Sapin",2022-11-24,4.7
Real Banquet Services,Real,57800,Buffet,"Ukoy, Ukoy, Ukoy, Pancit, Ukoy, Ukoy",2023-07-02,4.5
Lucban Culinary Events,Lucban,50200,Premium,"Ukoy, Kare-Kare, Ukoy, Crispy Pata, Ukoy, Palabok",2024-04-11,4.8
Lucban Culinary Events,Lucban,45230,Premium,"Adobo, Caldereta, Sinigang, Puto, Lechon",2022-08-12,4.6
Lopez Catering Corner,Lopez,38940,Buffet,"Halo-Halo, Menudo, Lumpiang Shanghai, Laing, Pinakbet, Kare-Kare",2023-05-21,4.4
Gumaca Feast Caterers,Gumaca,52110,Standard,"Seafood Paella, Bicol Express, Inihaw na Baboy, Cassava Cake, Pancit",2024-09-15,4.3
Sariaya Food Masters,Sariaya,47890,Budget,"Fruit Salad, Buttered Shrimp, Dinuguan, Embutido, Bibingka, Pichi-Pichi",2025-02-19,4.8
Pagbilao Catering Services,Pagbilao,44100,Plated,"Palabok, Crispy Pata, Longganisa, Tokwa't Baboy, Sapin-Sapin",2023-10-04,4.5
Unisan Event Caterers,Unisan,42220,Premium,"Kare-Kare, Menudo, Pinakbet, Turon, Ginataang Gulay, Lechon Kawali",2022-06-30,4.7
Atimonan Banquets,Atimonan,47650,Buffet,"Laing, Adobo, Inihaw na Liempo, Pancit Malabon, Cassava Cake",2023-08-11,4.2
Candelaria Catering Co.,Candelaria,49890,Standard,"Sinigang na Baboy, Buttered Shrimp, Lumpiang Sariwa, Leche Flan, Caldereta",2025-01-06,4.9
Lopez Catering Corner,Lopez,43550,Budget,"Pinakbet, Bicol Express, Pancit Canton, Bibingka, Dinuguan, Lechon",2024-07-14,4.6
Lucena Gourmet Events,Lucena,46780,Plated,"Fruit Salad, Crispy Pata, Embutido, Halo-Halo, Sinigang",2022-11-10,4.3
Lucban Culinary Events,Lucban,45150,Premium,"Caldereta, Pancit Bihon, Menudo, Puto, Sapin-Sapin, Lechon",2023-01-14,4.7
Lopez Catering Corner,Lopez,39200,Buffet,"Pinakbet, Lumpiang Shanghai, Sinigang na Hipon, Leche Flan, Cassava Cake",2024-03-05,4.4
Gumaca Feast Caterers,Gumaca,51440,Standard,"Adobo, Dinuguan, Inihaw na Baboy, Palabok, Halo-Halo",2025-02-25,4.5
Sariaya Food Masters,Sariaya,48230,Budget,"Laing, Crispy Pata, Pancit Malabon, Fruit Salad, Kare-Kare, Bibingka",2022-05-17,4.8
Pagbilao Catering Services,Pagbilao,43890,Plated,"Menudo, Lumpiang Sariwa, Tokwa't Baboy, Embutido, Lechon Kawali",2023-06-23,4.5
Unisan Event Caterers,Unisan,42760,Premium,"Seafood Paella, Bicol Express, Ginataang Gulay, Longganisa, Turon",2024-07-29,4.6
Atimonan Banquets,Atimonan,47210,Buffet,"Caldereta, Inihaw na Liempo, Sapin-Sapin, Pancit Bihon, Bibingka",2022-09-02,4.2
Candelaria Catering Co.,Candelaria,49320,Standard,"Kare-Kare, Sinigang, Lumpiang Shanghai, Leche Flan, Crispy Pata, Dinuguan",2025-03-14,4.9
Lopez Catering Corner,Lopez,43100,Budget,"Pinakbet, Menudo, Halo-Halo, Adobo, Lumpiang Shanghai",2023-12-06,4.5
Lucena Gourmet Events,Lucena,46910,Plated,"Puto, Palabok, Fruit Salad, Buttered Shrimp, Tokwa't Baboy",2024-08-16,4.4
Lucban Culinary Events,Lucban,45420,Premium,"Crispy Pata, Pancit Malabon, Laing, Bicol Express, Sapin-Sapin, Lechon",2022-02-18,4.8
Lopez Catering Corner,Lopez,39450,Buffet,"Caldereta, Pancit Canton, Kare-Kare, Lumpiang Shanghai, Leche Flan",2023-03-09,4.4
Gumaca Feast Caterers,Gumaca,51870,Standard,"Adobo, Menudo, Inihaw na Baboy, Cassava Cake, Pichi-Pichi, Bibingka",2024-10-19,4.6
Sariaya Food Masters,Sariaya,47620,Budget,"Pinakbet, Sinigang, Dinuguan, Turon, Embutido",2022-07-11,4.3
Pagbilao Catering Services,Pagbilao,43700,Plated,"Laing, Kare-Kare, Lumpiang Sariwa, Pancit Malabon, Halo-Halo, Lechon",2025-04-05,4.7
Unisan Event Caterers,Unisan,42530,Premium,"Seafood Paella, Caldereta, Palabok, Longganisa, Tokwa't Baboy",2023-06-01,4.6
Atimonan Banquets,Atimonan,47440,Buffet,"Adobo, Fruit Salad, Crispy Pata, Leche Flan, Pancit Bihon",2024-09-12,4.2
Candelaria Catering Co.,Candelaria,49680,Standard,"Menudo, Ginataang Gulay, Sapin-Sapin, Dinuguan, Embutido, Lechon Kawali",2022-11-23,4.8
Lopez Catering Corner,Lopez,43350,Budget,"Halo-Halo, Inihaw na Liempo, Laing, Puto, Bibingka",2023-08-07,4.5
Lucena Gourmet Events,Lucena,47110,Plated,"Pinakbet, Lumpiang Shanghai, Caldereta, Pancit Malabon, Bicol Express, Lechon",2025-01-15,4.6
Lucban Culinary Events,Lucban,45520,Premium,"Fruit Salad, Kare-Kare, Dinuguan, Turon, Crispy Pata",2022-03-04,4.8
Lopez Catering Corner,Lopez,39700,Buffet,"Puto, Menudo, Inihaw na Liempo, Palabok, Halo-Halo, Lechon Kawali",2023-04-12,4.5
Gumaca Feast Caterers,Gumaca,52530,Standard,"Caldereta, Laing, Tokwa't Baboy, Sapin-Sapin, Pancit Canton",2024-06-08,4.4
Sariaya Food Masters,Sariaya,48050,Budget,"Adobo, Pinakbet, Lumpiang Sariwa, Leche Flan, Bicol Express",2025-02-14,4.7
Pagbilao Catering Services,Pagbilao,44220,Plated,"Crispy Pata, Embutido, Fruit Salad, Pancit Malabon, Bibingka, Dinuguan",2023-05-28,4.3
Unisan Event Caterers,Unisan,42990,Premium,"Seafood Paella, Menudo, Laing, Turon, Pichi-Pichi",2022-08-15,4.7
Atimonan Banquets,Atimonan,47930,Buffet,"Halo-Halo, Palabok, Lumpiang Shanghai, Pancit Bihon, Cassava Cake, Lechon",2024-09-20,4.2
Candelaria Catering Co.,Candelaria,49540,Standard,"Adobo, Sinigang, Dinuguan, Lumpiang Sariwa, Kare-Kare",2022-10-07,4.8
Lopez Catering Corner,Lopez,43270,Budget,"Fruit Salad, Menudo, Laing, Lechon Kawali, Bibingka",2023-07-11,4.6
Lucena Gourmet Events,Lucena,47260,Plated,"Palabok, Caldereta, Crispy Pata, Puto, Turon, Bicol Express",2025-03-09,4.4
Lucban Culinary Events,Lucban,45710,Premium,"Pancit Malabon, Adobo, Embutido, Kare-Kare, Dinuguan",2022-01-21,4.7
Lopez Catering Corner,Lopez,39580,Buffet,"Halo-Halo, Tokwa't Baboy, Lumpiang Shanghai, Leche Flan, Cassava Cake, Pichi-Pichi",2023-09-08,4.4
Gumaca Feast Caterers,Gumaca,51980,Standard,"Laing, Pinakbet, Caldereta, Sapin-Sapin, Crispy Pata",2024-11-18,4.5
Sariaya Food Masters,Sariaya,48320,Budget,"Fruit Salad, Menudo, Bicol Express, Puto, Dinuguan, Lechon",2022-06-02,4.6
Pagbilao Catering Services,Pagbilao,43960,Plated,"Seafood Paella, Adobo, Lumpiang Sariwa, Pancit Bihon, Leche Flan",2023-12-19,4.9
Unisan Event Caterers,Unisan,42680,Premium,"Palabok, Crispy Pata, Menudo, Pichi-Pichi, Caldereta, Turon",2025-01-25,4.7
Atimonan Banquets,Atimonan,47390,Buffet,"Halo-Halo, Kare-Kare, Dinuguan, Lumpiang Shanghai, Laing",2022-04-23,4.3
Candelaria Catering Co.,Candelaria,49720,Standard,"Adobo, Embutido, Fruit Salad, Bicol Express, Sapin-Sapin",2023-08-27,4.8
Lopez Catering Corner,Lopez,43410,Budget,"Menudo, Crispy Pata, Palabok, Tokwa't Baboy, Bibingka, Puto",2024-05-03,4.5
Lucena Gourmet Events,Lucena,47050,Plated,"Laing, Lumpiang Shanghai, Caldereta, Pancit Malabon, Ginataang Gulay",2025-02-01,4.4
,,,,,,
Lucban Culinary Events,Lucban,45640,Premium,"Halo-Halo, Adobo, Menudo, Lumpiang Shanghai, Laing, Puto",2022-05-13,4.7
Lopez Catering Corner,Lopez,39620,Buffet,"Seafood Paella, Caldereta, Pinakbet, Tokwa't Baboy, Bibingka",2023-09-15,4.5
Gumaca Feast Caterers,Gumaca,52370,Standard,"Kare-Kare, Crispy Pata, Pancit Canton, Sapin-Sapin, Embutido, Lechon",2024-11-02,4.8
Sariaya Food Masters,Sariaya,47980,Budget,"Adobo, Menudo, Fruit Salad, Pichi-Pichi, Lumpiang Sariwa",2025-01-29,4.4
Pagbilao Catering Services,Pagbilao,44310,Plated,"Palabok, Dinuguan, Longganisa, Bicol Express, Laing, Cassava Cake",2023-03-21,4.6
Unisan Event Caterers,Unisan,42840,Premium,"Halo-Halo, Caldereta, Lumpiang Shanghai, Sinigang, Turon",2022-10-17,4.9
Atimonan Banquets,Atimonan,47560,Buffet,"Adobo, Inihaw na Baboy, Fruit Salad, Kare-Kare, Sapin-Sapin, Lechon",2024-07-25,4.7
Candelaria Catering Co.,Candelaria,49470,Standard,"Menudo, Crispy Pata, Palabok, Bicol Express, Lumpiang Sariwa",2025-02-12,4.5
Lopez Catering Corner,Lopez,43690,Budget,"Caldereta, Pancit Malabon, Puto, Embutido, Ginataang Gulay",2022-08-08,4.3
Lucena Gourmet Events,Lucena,47340,Plated,"Adobo, Leche Flan, Turon, Bibingka, Kare-Kare, Dinuguan",2023-09-18,4.6
Lucban Culinary Events,Lucban,45920,Premium,"Seafood Paella, Sinigang, Palabok, Tokwa't Baboy, Pancit Bihon",2025-03-07,4.5
Lopez Catering Corner,Lopez,39910,Buffet,"Crispy Pata, Laing, Lumpiang Shanghai, Menudo, Cassava Cake",2022-12-20,4.8
Gumaca Feast Caterers,Gumaca,51790,Standard,"Adobo, Pancit Canton, Dinuguan, Kare-Kare, Sapin-Sapin, Lechon",2023-05-06,4.7
Sariaya Food Masters,Sariaya,48110,Budget,"Halo-Halo, Fruit Salad, Palabok, Pinakbet, Embutido",2024-06-10,4.4
Pagbilao Catering Services,Pagbilao,44050,Plated,"Laing, Menudo, Inihaw na Liempo, Pichi-Pichi, Turon, Crispy Pata",2022-09-04,4.7
Unisan Event Caterers,Unisan,43060,Premium,"Seafood Paella, Adobo, Caldereta, Lumpiang Sariwa, Pancit Bihon",2025-01-10,4.5
Atimonan Banquets,Atimonan,47820,Buffet,"Pinakbet, Dinuguan, Leche Flan, Kare-Kare, Lumpiang Shanghai",2023-07-16,4.8
Candelaria Catering Co.,Candelaria,49280,Standard,"Halo-Halo, Palabok, Menudo, Sapin-Sapin, Tokwa't Baboy, Laing",2024-10-27,4.6
Lopez Catering Corner,Lopez,43490,Budget,"Adobo, Crispy Pata, Fruit Salad, Pancit Malabon, Puto",2022-11-11,4.4
Lucena Gourmet Events,Lucena,47490,Plated,"Seafood Paella, Lumpiang Shanghai, Sinigang, Dinuguan, Bibingka",2023-06-22,4.9
Lucban Culinary Events,Lucban,45830,Premium,"Halo-Halo, Caldereta, Laing, Lumpiang Sariwa, Kare-Kare, Lechon",2024-01-18,4.7
Lopez Catering Corner,Lopez,39830,Buffet,"Adobo, Palabok, Pinakbet, Crispy Pata, Sapin-Sapin",2022-04-25,4.5
Gumaca Feast Caterers,Gumaca,52080,Standard,"Menudo, Puto, Lumpiang Shanghai, Bicol Express, Fruit Salad, Turon",2023-03-02,4.6
Sariaya Food Masters,Sariaya,48420,Budget,"Caldereta, Kare-Kare, Pancit Canton, Embutido, Tokwa't Baboy",2025-02-28,4.4
Pagbilao Catering Services,Pagbilao,44180,Plated,"Seafood Paella, Crispy Pata, Palabok, Dinuguan, Leche Flan",2022-07-07,4.8
Unisan Event Caterers,Unisan,43140,Premium,"Halo-Halo, Pinakbet, Laing, Menudo, Bibingka, Pichi-Pichi",2023-12-01,4.7
Atimonan Banquets,Atimonan,47670,Buffet,"Adobo, Lumpiang Sariwa, Caldereta, Kare-Kare, Sapin-Sapin",2024-09-03,4.6
Candelaria Catering Co.,Candelaria,49110,Standard,"Fruit Salad, Inihaw na Liempo, Lumpiang Shanghai, Sinigang, Palabok",2022-05-26,4.4
Lopez Catering Corner,Lopez,43740,Budget,"Laing, Dinuguan, Turon, Bibingka, Crispy Pata",2023-08-30,4.5
Lucena Gourmet Events,Lucena,47610,Plated,"Seafood Paella, Puto, Kare-Kare, Pancit Malabon, Tokwa't Baboy, Lechon",2025-02-10,4.8
Lucban Culinary Events,Lucban,46050,Premium,"Pinakbet, Menudo, Fruit Salad, Adobo, Embutido",2022-06-15,4.6
Lopez Catering Corner,Lopez,40080,Buffet,"Halo-Halo, Caldereta, Lumpiang Shanghai, Pancit Canton, Sapin-Sapin",2023-10-06,4.4
Gumaca Feast Caterers,Gumaca,52410,Standard,"Palabok, Crispy Pata, Dinuguan, Kare-Kare, Tokwa't Baboy",2024-12-14,4.7
Sariaya Food Masters,Sariaya,48270,Budget,"Adobo, Menudo, Pichi-Pichi, Fruit Salad, Laing, Bicol Express",2025-03-15,4.6
Pagbilao Catering Services,Pagbilao,43940,Plated,"Seafood Paella, Caldereta, Sinigang, Lumpiang Shanghai, Cassava Cake",2022-08-19,4.8
Unisan Event Caterers,Unisan,42970,Premium,"Halo-Halo, Crispy Pata, Lumpiang Sariwa, Palabok, Turon",2023-04-30,4.7
Atimonan Banquets,Atimonan,47720,Buffet,"Laing, Adobo, Menudo, Lumpiang Shanghai, Sapin-Sapin, Lechon",2024-09-28,4.5
Candelaria Catering Co.,Candelaria,49350,Standard,"Pinakbet, Kare-Kare, Fruit Salad, Dinuguan, Bibingka",2025-01-22,4.9
Lopez Catering Corner,Lopez,43820,Budget,"Adobo, Caldereta, Laing, Pancit Malabon, Tokwa't Baboy",2022-02-12,4.3
Lucena Gourmet Events,Lucena,47520,Plated,"Seafood Paella, Menudo, Lumpiang Shanghai, Palabok, Sapin-Sapin",2023-11-03,4.8
Lucban Culinary Events,Lucban,46190,Premium,"Halo-Halo, Crispy Pata, Kare-Kare, Embutido, Fruit Salad, Lechon Kawali",2022-07-22,4.7
Lopez Catering Corner,Lopez,40190,Buffet,"Adobo, Bicol Express, Lumpiang Shanghai, Pinakbet, Bibingka",2023-06-19,4.6
Gumaca Feast Caterers,Gumaca,52230,Standard,"Caldereta, Laing, Menudo, Dinuguan, Sapin-Sapin, Puto",2024-03-27,4.5
Sariaya Food Masters,Sariaya,48090,Budget,"Seafood Paella, Palabok, Pancit Bihon, Halo-Halo, Tokwa't Baboy",2025-04-08,4.4
Pagbilao Catering Services,Pagbilao,44270,Plated,"Adobo, Crispy Pata, Kare-Kare, Dinuguan, Fruit Salad",2022-05-01,4.8
Unisan Event Caterers,Unisan,42870,Premium,"Halo-Halo, Menudo, Lumpiang Sariwa, Palabok, Caldereta, Bibingka",2023-07-23,4.6
Atimonan Banquets,Atimonan,47690,Buffet,"Adobo, Laing, Lumpiang Shanghai, Sapin-Sapin, Bicol Express",2024-11-06,4.5
Candelaria Catering Co.,Candelaria,49420,Standard,"Seafood Paella, Crispy Pata, Kare-Kare, Fruit Salad, Embutido",2025-02-27,4.7
,,,,,,
,,,,,,
,,,,,,
,,,,,,
,,,,,,
,,,,,,
,,,,,,
,,,,,,
,,,,,,
,,,,,,
,,,,,,
,,,,,,
,,,,,,
,,,,,,
,,,,,,
,,,,,,
,,,,,,
,,,,,,
,,,,,,
,,,,,,
,,,,,,
,,,,,,
,,,,,,
,,,,,,
,,,,,,
,,,,,,
,,,,,,
,,,,,,
,,,,,,
