Company_Name,Municipality,Rating,Price,Food_Packages,Food_Ingredients,Dishes
Pagbilao Catering Services,Pagbilao,3.99,55089,"Budget, Standard, Premium","Chicken, Pork, Vegetables, Rice, Dessert","Adobo, Caldereta, Sinigang, Pinakbet, Leche Flan"
Gumaca Feast Caterers,Gumaca,4.44,53005,"Budget, Standard, Premium","Chicken, Pork, Vegetables, Rice, Dessert","Seafood Paella, Roast Beef, Buttered Shrimp, Carbonara, Fruit Salad"
Lopez Banquet House,Lopez,4.85,51307,"Buffet, Plated","Chicken, Pork, Vegetables, Pasta, Dessert","Kare-Kare, Lechon, Pancit, Lumpia, Halo-Halo"
Sariaya Food Masters,Sariaya,3.72,46795,"Standard, Premium","Chicken, Pork, Vegetables, Rice, Dessert","Grilled Bangus, Inihaw na Baboy, Laing, Puto, Sapin-Sapin"
Lucban Culinary Events,Lucban,4.12,45320,"Standard, Premium","Chicken, Pork, Vegetables, Rice, Dessert","Chicken Inasal, Bicol Express, Menudo, Lumpiang Shanghai, Cassava Cake"
Atimonan Fine Dine Catering,Atimonan,3.97,39667,"Standard, Deluxe","Chicken, Pork, Vegetables, Rice, Dessert","Adobo, Caldereta, Sinigang, Pinakbet, Leche Flan"
Tayabas Fiesta Foods,Tayabas,4.14,50897,"Budget, Standard, Premium","Beef, Chicken, Fish, Vegetables, Rice","Kare-Kare, Lechon, Pancit, Lumpia, Halo-Halo"
Candelaria Party Meals,Candelaria,3.99,38506,"Buffet, Plated","Chicken, Pork, Vegetables, Pasta, Dessert","Chicken Inasal, Bicol Express, Menudo, Lumpiang Shanghai, Cassava Cake"
Infanta Gourmet Catering,Infanta,3.53,50977,"Standard, Premium","Chicken, Pork, Vegetables, Pasta, Dessert","Grilled Bangus, Inihaw na Baboy, Laing, Puto, Sapin-Sapin"
Calauag Savory Events,Calauag,4.24,43884,"Buffet, Plated","Beef, Chicken, Fish, Vegetables, Rice","Adobo, Caldereta, Sinigang, Pinakbet, Leche Flan"
Dolores Culinary Creations,Dolores,4.28,52831,"Standard, Deluxe","Seafood, Beef, Chicken, Vegetables, Rice, Dessert","Kare-Kare, Lechon, Pancit, Lumpia, Halo-Halo"
San Narciso Food Hub,San Narciso,4.92,48809,"Standard, Premium","Chicken, Pork, Vegetables, Pasta, Dessert","Grilled Bangus, Inihaw na Baboy, Laing, Puto, Sapin-Sapin"
Real Banquet Services,Real,4.86,40405,"Budget, Standard, Premium","Beef, Chicken, Fish, Vegetables, Rice","Seafood Paella, Roast Beef, Buttered Shrimp, Carbonara, Fruit Salad"
Unisan Kitchen Events,Unisan,4.27,43672,"Standard, Premium","Beef, Chicken, Fish, Vegetables, Rice","Chicken Inasal, Bicol Express, Menudo, Lumpiang Shanghai, Cassava Cake"
Polillo Island Catering,Polillo,4.47,41277,"Buffet, Plated","Chicken, Pork, Vegetables, Rice, Dessert","Adobo, Caldereta, Sinigang, Pinakbet, Leche Flan"
Lucena Banquet Experts,Lucena,4.2,48447,"Buffet, Plated","Chicken, Pork, Vegetables, Rice, Dessert","Chicken Inasal, Bicol Express, Menudo, Lumpiang Shanghai, Cassava Cake"
Lucban Fiesta Foods,Lucban,3.98,48188,"Standard, Deluxe","Seafood, Beef, Chicken, Vegetables, Rice, Dessert","Kare-Kare, Lechon, Pancit, Lumpia, Halo-Halo"
Lopez Catering Corner,Lopez,4.91,44548,"Standard, Premium","Chicken, Pork, Vegetables, Rice, Dessert","Chicken Inasal, Bicol Express, Menudo, Lumpiang Shanghai, Cassava Cake"
Sariaya Banquet Experts,Sariaya,4.83,45897,"Standard, Deluxe","Chicken, Pork, Vegetables, Pasta, Dessert","Adobo, Caldereta, Sinigang, Pinakbet, Leche Flan"
Pagbilao Kitchen Hub,Pagbilao,3.95,30814,"Budget, Standard, Premium","Chicken, Pork, Vegetables, Rice, Dessert","Seafood Paella, Roast Beef, Buttered Shrimp, Carbonara, Fruit Salad"
